app_name;count
Neon Hardcorps;200
DRAGON QUEST HEROES™ II;600
Out of the Park Baseball 19;700
Shadow Complex Remastered;700
Don't Escape: 4 Days to Survive;1013
Slipstream;1103
Toukiden 2;1200
Budget Cuts;1298
WWE 2K17;1499
Battle Royale Trainer;1600
BERSERK and the Band of the Hawk;1601
Rapture Rejects;1603
The Legend of Heroes: Trails of Cold Steel II;1701
Fishing: Barents Sea;1802
Identity;1804
Hunt Down The Freeman;1815
Secret of Mana;1900
Farm Manager 2018;2002
The End Is Nigh;2018
Clicker Heroes 2;2100
Down To One;2101
Fairy Fencer F Advent Dark Force;2101
Volgarr the Viking;2202
Urban Empire;2300
Pogostuck: Rage With Your Friends;2332
Umbrella Corps;2505
Cold Waters;2714
Iconoclasts;2800
Thimbleweed Park;2800
SimAirport;2803
Ultimate Marvel vs. Capcom 3;2804
X-Blades;2805
WWE 2K19;2907
Devil May Cry HD Collection;2999
SENRAN KAGURA Peach Beach Splash;3100
Rise of Industry;3102
Due Process;3104
"STEINS;GATE 0";3202
Styx: Shards of Darkness;3204
Ghost of a Tale;3303
Staxel;3500
Nova Drift;3539
Void Bastards;3573
Torment: Tides of Numenera;3601
20XX;3610
Deus Ex: The Fall;3610
WWE 2K20;3638
CHRONO TRIGGER;3802
We Were Here Too;3809
Axiom Verge;4015
METAL GEAR SURVIVE;4104
SENRAN KAGURA ESTIVAL VERSUS;4105
Cyberdimension Neptunia: 4 Goddesses Online;4200
FINAL FANTASY XII THE ZODIAC AGE;4207
Dead Rising 4;4308
Puyo Puyo™Tetris®;4497
Dragon Cliff ??;4601
Rules Of Survival;4902
Senren?Banka;5034
GOD EATER 3;5128
Steel Division: Normandy 44;5201
Heroes of Hammerwatch;5207
RollerCoaster Tycoon World;5304
Dungreed;5312
Guacamelee! Super Turbo Championship Edition;5318
Grimm's Hollow;5345
Ancestors Legacy;5403
Takedown: Red Sabre;5502
Desolate;5503
ULTRAKILL;5584
The Wild Eight;5601
Titan Souls;5714
A Short Hike;5847
Eco;5918
Age of Empires: Definitive Edition;5963
Trailmakers;6026
Cave Story+;6208
Railway Empire;6302
Train Sim World® 2020;6504
Kingdom Two Crowns;6709
Pit People;6806
SOS;6900
X Rebirth;7001
Foundation;7060
Stay Out;7170
Warhammer 40,000: Mechanicus;7207
Wolfenstein: Youngblood;7445
Townscaper;7601
Ni no Kuni™ II: Revenant Kingdom;7609
Bomber Crew;7689
PixARK;7711
DYNASTY WARRIORS 9;7807
FAR: Lone Sails;8005
Monster Prom;8012
Avorion;8108
?????8 Heroes of the Three Kingdoms 8;8111
SOULCALIBUR VI;8211
Momodora: Reverie Under the Moonlight;8218
There Is No Game: Wrong Dimension;8409
Keep Talking and Nobody Explodes;8813
Detention;9203
Just Shapes & Beats;9256
Phoenix Wright: Ace Attorney Trilogy;9360
"STEINS;GATE";9621
Thief Simulator;9626
Freeman: Guerrilla Warfare;9904
X-Plane 11;10000
Darksiders III;10008
Total War Saga: Thrones of Britannia;10009
Bless Online;10197
Crash Bandicoot™ N. Sane Trilogy;10313
Finding Paradise;10429
Night in the Woods;10808
A Way Out;10941
DiRT 4;11020
DUSK;11050
Into the Breach;11246
The Room Two;11336
Golf It!;11515
Gunpoint;11610
Pillars of Eternity II: Deadfire;11619
Baba Is You;11762
Tales of Berseria;11904
Football Manager 2019;11906
Farm Together;12317
Salt and Sanctuary;12362
Youtubers Life;12621
Streets of Rogue;12711
Shovel Knight: Treasure Trove;13030
Vampyr;13312
Danganronpa 2: Goodbye Despair;13622
Surviving Mars;13714
Sword Art Online: Fatal Bullet;14612
Mark of the Ninja;15501
One Finger Death Punch;15504
NBA 2K21;15735
The Room;15820
BATTALION 1944;16004
Mutant Year Zero: Road to Eden;16208
Cube World;16333
Danganronpa: Trigger Happy Havoc;16689
For The King;17118
Nether;17406
Just Cause 4;18111
Warhammer 40,000: Dawn of War III;18435
NBA 2K18;18718
OneShot;18975
The Henry Stickmin Collection;19400
Pathfinder: Kingmaker;20386
STAR WARS™ Empire at War: Gold Pack;20553
Call of Duty: Infinite Warfare;20736
Day of Infamy;20908
Little Nightmares;20982
Blackwake;21147
BATTLETECH;21813
Two Point Hospital;22116
Super Hexagon;22216
NBA 2K19;22437
The Sims(TM) 3;22812
Half-Life 2: Episode Two;23500
Artifact;23509
VA-11 Hall-A: Cyberpunk Bartender Action;23694
Nioh: Complete Edition;24622
HuniePop;24666
The Wolf Among Us;24931
Overcooked! 2;26015
People Playground;26319
Call of Duty: WWII;27617
Duck Game;27945
Super Meat Boy;28192
Sniper Elite 4;28252
My Time At Portia;29557
PC Building Simulator;29623
FINAL FANTASY XIV Online;29941
Batman: Arkham Asylum GOTY Edition;31062
Celeste;31454
Ravenfield;31746
Yakuza 0;31775
They Are Billions;31842
Getting Over It with Bennett Foddy;31970
Northgard;32733
FINAL FANTASY XV WINDOWS EDITION;32864
Totally Accurate Battlegrounds;34465
DRAGON BALL FighterZ;34629
Banished;34675
A Hat in Time;34979
House Flipper;36092
Resident Evil 7 Biohazard;36142
DARK SOULS™: REMASTERED;36603
Black Desert Online;36968
ATLAS;37210
The Crew 2;37744
Tabletop Simulator;37766
GRIS;38048
Jurassic World Evolution;38096
Farming Simulator 19;38429
Papers, Please;39882
Kenshi;39936
Persona 4 Golden;40180
Broforce;40977
Satisfactory;42449
Planet Coaster;43637
South Park™: The Stick of Truth™;44849
SCUM;44913
Crusader Kings III;45151
Beat Saber;46043
Total War: WARHAMMER;46205
Watch_Dogs 2;47742
DEATH STRANDING;47781
HITMAN™ 2;48372
The Binding of Isaac;48838
Half-Life: Alyx;51099
Tom Clancy's Ghost Recon® Wildlands;51460
Totally Accurate Battle Simulator;52119
Ori and the Will of the Wisps;52554
To the Moon;52738
The Walking Dead;52757
Middle-earth™: Shadow of War™;54196
Enter the Gungeon;55358
Dishonored;56337
Black Mesa;56895
Total War: ROME II - Emperor Edition;57149
Half-Life;57320
FTL: Faster Than Light;57466
Slime Rancher;58049
Saints Row: The Third;59305
BattleBlock Theater;59317
Bloons TD 6;59760
Frostpunk;59768
Oxygen Not Included;59920
Hotline Miami;60074
BeamNG.drive;60096
Mirror;60195
XCOM 2;61636
Warhammer: Vermintide 2;61887
Conan Exiles;62151
Assassin's Creed Origins;62294
Insurgency: Sandstorm;64638
Dead Cells;64772
Outlast;65525
Total War: THREE KINGDOMS;66982
Borderlands 3;67080
theHunter: Call of the Wild™;67240
Cuphead;68691
American Truck Simulator;71140
Deep Rock Galactic;72059
Kingdom Come: Deliverance;72944
Castle Crashers;74916
Hunt: Showdown;79345
NieR:Automata™;81110
Just Cause 3;82168
MORDHAU;82327
Resident Evil 2;82650
Don't Starve;85088
Total War: WARHAMMER II;85255
Europa Universalis IV;85477
Far Cry 5;85745
Slay the Spire;86023
Helltaker;86306
Darkest Dungeon®;86384
Age of Empires II (2013);86513
Rise of the Tomb Raider;91106
The Elder Scrolls Online;91923
Assassin's Creed Odyssey;92766
For Honor;93971
RimWorld;94041
Stellaris;94667
Raft;97930
DOOM Eternal;105196
BioShock Infinite;107277
Factorio;108282
Divinity: Original Sin 2;113508
Hearts of Iron IV;116255
Counter-Strike: Source;118081
Hades;118416
Sekiro™: Shadows Die Twice;119760
Human: Fall Flat;123604
Mount & Blade: Warband;123905
The Binding of Isaac: Rebirth;124389
DOOM;139973
The Elder Scrolls V: Skyrim Special Edition;142509
Sid Meier's Civilization VI;143789
Undertale;144351
Cities: Skylines;147028
Doki Doki Literature Club;148837
Subnautica;152414
Sid Meier's Civilization V;171404
Tomb Raider;181054
No Man's Sky;182045
Arma 3;182348
Dying Light;214431
Phasmophobia;219090
Fallout 4;228957
Portal 2;232329
DARK SOULS™ III;235422
Don't Starve Together;238636
The Forest;239734
Hollow Knight;269854
Monster Hunter: World;290946
Wallpaper Engine;292790
The Elder Scrolls V: Skyrim;294966
Stardew Valley;315717
Euro Truck Simulator 2;387553
ARK: Survival Evolved;400009
Dead by Daylight;418897
The Witcher 3: Wild Hunt;469395
Among Us;485293
PAYDAY 2;487747
Rocket League;498565
Rust;549074
Garry's Mod;655524
Terraria;672815
Tom Clancy's Rainbow Six Siege;841918
Grand Theft Auto V;1019116
PLAYERUNKNOWN'S BATTLEGROUNDS;1644255
